fasta_entry	superfamily
Academ-3_HM	Academ
Academ-2_BF	Academ
Academ-4_SP	Academ
Academ-2_HM	Academ
Academ-1_AP	Academ
Academ-1_CapTel	Academ
Academ-1_CSa	Academ
Academ-1_Dpulex	Academ
Academ-1_Lgigantea	Academ
Academ-3_CS	Academ
Academ-1_Aplcal	Academ
Academ-1_NV	Academ
Academ-4_BF	Academ
Academ-1_BF	Academ
Academ-2_CS	Academ
Academ-1_SP	Academ
CACTA-1_PB	CMC
SmTRC1	CMC
ENSPM-6_DR	CMC
EnSpm-7_HM	CMC
EnSpm-2_NVi	CMC
EnSpm-3_DR	CMC
EnSpm-16_HM	CMC
CACTA-3_AA	CMC
CACTA-2_AA	CMC
EnSpm-5_DR	CMC
CACTA-1_Dpulex	CMC
CACTA-1_Ccinerea	CMC
EnSpm-1_BF	CMC
CACTA-1_Roryzae	CMC
CACTA-1_Mlaricis	CMC
CACTA-2_Mlaricis	CMC
ATENSPM10	CMC
MIRAGE1_CB	CMC
MIRAGE1	CMC
Chapaev-1_CE	CMC
Chapaev3-5_PM	CMC
Chapaev-1_AA	CMC
Chapaev-1_ACa	CMC
Chapaev-2_BF	CMC
Chapaev-6_HM	CMC
Chapaev-9_HM	CMC
Chapaev-1_HM	CMC
Ginger1-12_HM	Ginger
Ginger1-1_AC	Ginger
Ginger1-1_AP	Ginger
Ginger1-1_HM	Ginger
Ginger1-8_HM	Ginger
Ginger1-1_BF	Ginger
TDD-4	Ginger
Ginger2-1_NV	Ginger
Ginger2-2_NV	Ginger
Ginger2-1_MG	Ginger
Ginger2-1_HM	Ginger
Ginger2-1_LS	Ginger
Ginger2-1_BF	Ginger
Ginger2-1_TS	Ginger
hATw-1_CCo	hAT
hATw-1_LB	hAT
hATw-1_HM	hAT
hATw-4_BF	hAT
hATw-2_SP	hAT
hATw-5_BF	hAT
hATw-1_BF	hAT
hATw-3_BF	hAT
hAT-1_TV	hAT
hAT-2_TV	hAT
Hopers3	hAT
hATx-4_HM	hAT
hATx-1_SM	hAT
*hATx-5_SM	hAT
hAT-1_AA	hAT
hATx-3_SM	hAT
hATx-5_HM	hAT
hAT-9_SBi	hAT
Tag1	hAT
hAT-2_HM	hAT
hAT-44_HM	hAT
hAT-1_HM	hAT
hAT-2_SD	hAT
hAT-17_ZM	hAT
hAT-13_SBi	hAT
TAG2	hAT
ATHAT7	hAT
HAT2_MT	hAT
TAM3	hAT
ATHAT10	hAT
ZhAT3_ZM	hAT
*CHAPKA1_EM	hAT
hAT-79_HM	hAT
Hobo	hAT
Hoana3	hAT
hAT-26_HM	hAT
hAT-37_HM	hAT
hAT-28_HM	hAT
hAT-27_HM	hAT
hAT-30_HM	hAT
hAT-9_XT	hAT
hAT-66_HM	hAT
hAT-11_HM	hAT
Homo7	hAT
hAT-14_HM	hAT
HAT1_AG	hAT
HAT1_DR	hAT
hAT-1_DP	hAT
hAT-52_HM	hAT
hAT-1_SP	hAT
hAT-2_BF	hAT
hAT-4_DR	hAT
hAT-13_HM	hAT
hAT1-1_NV	hAT
hAT-28_SM	hAT
hAT-76_HM	hAT
hAT-35_HM	hAT
hAT-45_HM	hAT
hAT-74_HM	hAT
hAT6-1_SP	hAT
hAT6-1_NV	hAT
hAT-29_HM	hAT
hAT-25_HM	hAT
hAT-4_BF	hAT
hAT-3_BF	hAT
hAT-82_HMa	hAT
hAT-40_HM	hAT
hAT-39_HM	hAT
*TIP100	hAT
hAT-22_SM	hAT
hAT-37_SM	hAT
*hAT-7_HM	hAT
hAT-20_SM	hAT
hAT-34_HM	hAT
hAT-23_HM	hAT
hAT-41_HM	hAT
hAT-22_HM	hAT
SPIN_Og	hAT
*hAT-14_SM	hAT
hAT-2_XT	hAT
hAT-2_SM	hAT
hAT-5_DR	hAT
hAT-42_SM	hAT
*hAT-12_SM	hAT
*hAT-19_HM	hAT
hAT-5_SM	hAT
hAT-11_XT	hAT
hAT-3_DR	hAT
hAT-18_HM	hAT
hAT-20_HM	hAT
hAT-36_SM	hAT
Gulliver	hAT
hAT-31_HM	hAT
*hAT5-3_NV	hAT
hAT-30_SM	hAT
hATm-4_HM	hAT
hATm-39_HM	hAT
hATm-1_HM	hAT
hATm-57_HM	hAT
hATm-38_HM	hAT
hATm-29_HM	hAT
hAT-9_SM	hAT
hATm-1_AA	hAT
hATm-3_AA	hAT
hATm-2_AA	hAT
hATm-35_HM	hAT
hATm-4_HR	hAT
*hATm-2_HR	hAT
hAT-4D_AP	hAT
hATm-20_HM	hAT
hATm-3_HR	hAT
*hATm-1_CS	hAT
*hATm-1_SM	hAT
hATm-55_HM	hAT
hATm-45_HM	hAT
hATm-47_HM	hAT
hATm-21_HM	hAT
hATx-7_HM	hAT
hATm-7_HM	hAT
Kolobok-4_TV	Kolobok
Kolobok-1_MicRcc299	Kolobok
Kolobok-1_FraCyl	Kolobok
Kolobok-1_AA	Kolobok
Kolobok-1_Ppac	Kolobok
Kolobok1-1_SP	Kolobok
Kolobok-2_Aplcal	Kolobok
Kolobok-1_Aplcal	Kolobok
Kolobok-1_NVi	Kolobok
Kolobok-19_HMa	Kolobok
Kolobok-1_NV	Kolobok
Kolobok-1_DR	Kolobok
Kolobok-1_CS	Kolobok
Kolobok-1_XT	Kolobok
Kolobok-2_TV	Kolobok
Kolobok-1_NaeGru	Kolobok
Kolobok-1_TV	Kolobok
Kolobok-3_TV	Kolobok
MERLIN1_SM	Merlin
MERLIN4_SM	Merlin
Merlin10_SM	Merlin
Merlin5_SM	Merlin
Merlin1_CB	Merlin
Merlin-1_Psojae	Merlin
Merlin-1_Smo	Merlin
Merlin-1_Hrobusta	Merlin
Merlin-1_Aplcal	Merlin
Merlin1_CI	Merlin
Merlin-1_Roryzae	Merlin
Merlin-4_Roryzae	Merlin
MULE1_EI	MULE
MuDR1_TP	MULE
MuDR1_SM	MULE
MuDR-3_TV	MULE
MuDR-6_TV	MULE
MuDr-1_TV	MULE
MuDR7x_AP	MULE
MuDR2x_SM	MULE
MuDR4x_SM	MULE
MuDR1x_SM	MULE
MuDr-1x_AP	MULE
MUDR	MULE
Mudr5_OS	MULE
MuDR-8_SBi	MULE
ATMU3	MULE
MuDR-12_VV	MULE
MuDR4_SM	MULE
MuDR-6_VV	MULE
MUDRAVI2	MULE
MDR2	MULE
MuDR2_OS	MULE
MuDR-3_SBi	MULE
MuDR-9_SBi	MULE
VANDAL14	MULE
CUMULE	MULE
MULE-2_Cglob	MULE
MULE-1_Cglob	MULE
Hop	MULE
MuDR-4_SBi	MULE
MuDR-8_ZM	MULE
MuDR-6_SBi	MULE
MuDR-5_OS	MULE
Jittery	MULE
MUMET1	MULE
MUJITOS2	MULE
MULE-1_CapOwc	MULE
Rehavkus-3_TC	MULE
Rehavkus-1_HR	MULE
Rehavkus-1_TC	MULE
Rehavkus-2_NVi	MULE
Rehavkus-1_DY	MULE
Rehavkus1_AP	MULE
Novosib-1_EmiHux	Novosib
Novosib-6_CR	Novosib
Novosib-5_CR	Novosib
Novosib-3_CR	Novosib
Novosib-1_CR	Novosib
P-1_TV	P
P-2_TV	P
P3_AG	P
P_DM_Q7M3K2	P
P-2_HM	P
P1_Cis	P
P-1_AP	P
P-1_Aplcal	P
P-32_HM	P
P-3_AP	P
P-15_HM	P
PROTOP	P
Galileo_DB	P
P-7_HM	P
P-3_Hrobusta	P
P-6_HM	P
P-3_HM	P
P-1_AllMac	P
P-1_AurAno	P
P-1_CR	P
P-2_CR	P
IS4EU-1_AA	PIF/Harbinger
IS4EU-2_DR	PIF/Harbinger
ISL2EU-5_HM	PIF/Harbinger
ISL2EU-4_HM	PIF/Harbinger
ISL2EU-2_CS	PIF/Harbinger
IS4EU-1_NV	PIF/Harbinger
PIF_Harbinger-2_PleOst	PIF/Harbinger
PIF_Harbinger-2_EmiHux	PIF/Harbinger
PIF_Harbinger-1_Ngru	PIF/Harbinger
PIF_Harbinger-1_AllMac	PIF/Harbinger
PIF_Harbinger-1_PleOst	PIF/Harbinger
Harbinger1_TP	PIF/Harbinger
PIF_Harbinger-1_PB	PIF/Harbinger
PIF_Harbinger-1_EmiHux	PIF/Harbinger
PIF_Harbinger-1_TV	PIF/Harbinger
PIF_Harbinger-1_TreMes	PIF/Harbinger
PIF_Harbinger-2_Mlaricis	PIF/Harbinger
PIF_Harbinger-1_CryNeo	PIF/Harbinger
HARB-4A_SBi	PIF/Harbinger
ATIS112A	PIF/Harbinger
TURMOIL1	PIF/Harbinger
TURMOIL2	PIF/Harbinger
HARBINGER1_AG	PIF/Harbinger
Harbinger-1_BF	PIF/Harbinger
Harbinger1_DYa	PIF/Harbinger
HARB4_ZM	PIF/Harbinger
Harbinger3_TP	PIF/Harbinger
PIF_Harbinger-1_Smoe	PIF/Harbinger
HARBINGER1_DR	PIF/Harbinger
PIF_Harbinger-2_PI	PIF/Harbinger
PIF_Harbinger-3_PI	PIF/Harbinger
PIF_Harbinger-4_PI	PIF/Harbinger
Harbinger3_DR	PIF/Harbinger
PiggyBac-3_PI	PiggyBac
LEAPFROG1_EI	PiggyBac
PiggyBac-1_Mcir	PiggyBac
PiggyBac-1_FO	PiggyBac
PiggyBac-1_PI	PiggyBac
piggyBac-8_SM	PiggyBac
piggyBac-6_SM	PiggyBac
POKEY_DP	PiggyBac
piggyBac-5_SM	PiggyBac
piggyBac-1_XT	PiggyBac
PiggyBac-3_HM	PiggyBac
piggyBac-4_SM	PiggyBac
piggyBac-3_SM	PiggyBac
piggyBac-3_NV	PiggyBac
piggyBac1_CI	PiggyBac
piggyBac-2_SM	PiggyBac
piggyBac-2_NV	PiggyBac
piggyBac-1_NV	PiggyBac
piggyBac-1_SM	PiggyBac
PiggyBac-1_FraCyl	PiggyBac
PiggyBac-1_EmiHux	PiggyBac
PiggyBac-1_PhaTri	PiggyBac
Sola1-2_Psojae	Sola1
Sola1-2_AA	Sola1
Sola1-3_Lgigantea	Sola1
Sola1-2_AP	Sola1
Sola1-1_CS	Sola1
Sola1-1_BM	Sola1
Sola1-1_AC	Sola1
Sola1-7_AP	Sola1
Sola1-9_AP	Sola1
Sola1-1_HM	Sola1
Sola1-1_AA	Sola1
Sola1-8_AP	Sola1
Sola1-1_Dpulex	Sola1
Sola1-1_PP	Sola1
Sola1-1_FraCyl	Sola1
Sola1-1_PI	Sola1
Sola1-1_MonBre	Sola1
Sola1-1_CapTel	Sola1
Sola2-2_NVi	Sola2
Sola2-1_NV	Sola2
Sola2-1_AC	Sola2
Sola2-2_HM	Sola2
Sola2-3_SP	Sola2
Sola2-1_AA	Sola2
Sola2-1_BM	Sola2
Sola2-1_Hrobusta	Sola2
Sola3-1_CapOwc	Sola3
Sola3-1_EmiHux	Sola3
Sola3-2_PS	Sola3
Sola3-1_AA	Sola3
Sola3-4_HM	Sola3
Sola3-1_BF	Sola3
GIZMO1_EI	Tc1/mariner
TBE1	Tc1/mariner
Mariner-25_SM	Tc1/mariner
Tec-1	Tc1/mariner
Mariner-6_SM	Tc1/mariner
Mariner-10_HM	Tc1/mariner
Mariner-3_AN	Tc1/mariner
ATHPOGO	Tc1/mariner
SMAR25	Tc1/mariner
Tigger1	Tc1/mariner
pogo	Tc1/mariner
Mariner-18_HM	Tc1/mariner
Pogo_SM	Tc1/mariner
SMAR6	Tc1/mariner
Mariner-1_SP	Tc1/mariner
CIRT2_CA	Tc1/mariner
Mariner-1_AF	Tc1/mariner
FOTYL	Tc1/mariner
Fot1	Tc1/mariner
SMAR24	Tc1/mariner
GEMINI1_EI	Tc1/mariner
Soymar1	Tc1/mariner
OSMAR1	Tc1/mariner
SMAR27	Tc1/mariner
MAR1_TV	Tc1/mariner
Mariner-16_HM	Tc1/mariner
Mos1	Tc1/mariner
AVMAR1	Tc1/mariner
impala	Tc1/mariner
AMARI	Tc1/mariner
Tc1-2Xt	Tc1/mariner
minos	Tc1/mariner
Tc3	Tc1/mariner
Tc1	Tc1/mariner
Tc1-1_AG	Tc1/mariner
MARINCE1	Tc1/mariner
PrD37D	Tc1/mariner
VENSMAR1	Tc1/mariner
Bmmar1	Tc1/mariner
Transib-1_HM	Transib
Transib-10_HM	Transib
Transib1_AA	Transib
Transib-11_HM	Transib
Zator-1_BF	Zator
Zator-2_AA	Zator
Zator-4_HM	Zator
Zator-1_Ngru	Zator
